Title,Cost,Author,Description,Skill
"16 Accords of Madness, v. VI",25,,Hircine's Tale,0
"16 Accords of Madness, v. IX",25,,Vaermina's Tale,0
"16 Accords of Madness, v. XII",25,,Malacath's Tale,0
"2920, Morning Star, v1",50,Carlovac Townway,Volume 1 of a historical series about Vivec and the Empire,1
"2920, Sun's Dawn, v2",60,Carlovac Townway,Volume 2 of a historical series about Vivec and the Empire,1
"2920, First Seed, v3",11,Carlovac Townway,Volume 3 of a historical series about Vivec and the Empire,0
"2920, Rain's Hand, v4",55,Carlovac Townway,Volume 4 of a historical series about Vivec and the Empire,1
"2920, Second Seed, v5",60,Carlovac Townway,Volume 5 of a historical series about Vivec and the Empire,1
"2920, MidYear, v6",70,Carlovac Townway,Volume 6 of a historical series about Vivec and the Empire,1
"2920, Sun's Height, v7",3,Carlovac Townway,Volume 7 of a historical series about Vivec and the Empire,0
"2920, Last Seed, v8",75,Carlovac Townway,Volume 8 of a historical series about Vivec and the Empire,1
"2920, Hearth Fire, v9",50,Carlovac Townway,Volume 9 of a historical series about Vivec and the Empire,1
"2920, Frostfall, v10",50,Carlovac Townway,Volume 10 of a historical series about Vivec and the Empire,1
"2920, Sun's Dusk, v11",11,Carlovac Townway,Volume 11 of a historical series about Vivec and the Empire,0
"2920, Evening Star, v12",11,Carlovac Townway,Volume 12 of a historical series about Vivec and the Empire,0
An Accounting of the Scrolls,20,"Quintus Nerevelus, Former Imperial Librarian",An author's report on the Elder Scrolls and his subsequent entry into the Cult of the Ancestor Moth,0
The Adabal-a,25,Morihaus,"The memoirs of Morihaus, consort to Alessia and Taker of the Citadel",0
Admonition Against Ebony,5,,A warning to any who might claim the Ebony Blade,0
Adonato's Book,40,Adonato Leonetti,A historian's view about Olaf One-Eye and his conflict with the dragon Numinex,0
Advances in Lockpicking,75,,An experienced thief summarizes the intricacies of lockpicking,1
Adventurer's Journal,5,,About investigating attacks on caravans by the Falmer,0
Aedra and Daedra,5,,"Overview of the basic differences between Gods, Demons, Aedra, and Daedra",0
The Aetherium Wars,15,Taron Dreth,A treatise on the collapse of Dwemer city-states in Skyrim,0
Aevar Stone-Singer,60,,Traditional Skaal myth about a young Skaal's journey to recover the Gifts of the All-Maker,1
Agrius's Journal,5,Agrius,The last accounts of a bandit before being possessed and sacrificed by Halldir,0
Ahzidal's Descent,16,Halund Greycloak,The tale of a powerful enchanter's descent into madness,0
Ahzirr Traajijazeri,4,Anonymous,The public manifesto of the Khajiit organization Renrijra Krin,0
Aicantar's Lab Journal,5,Aicantar,Research notes on Dwarven spider control,0
Alchemist's Journal,5,,The journal of an alchemist interested in plant growth and ecology,0
Alchemist's Journal,5,,The idyllic journal of an alchemist,0
Alduin is Real,8,Thromgar Iron-Head,"A poorly spelled essay from a ""prowd Nord"" on the difference between Alduin and Akatosh",0
The Alduin/Akatosh Dichotomy,8,"Alexandre Simon, High Priest of the Akatosh Chantry, Wayrest",A priest's deductions on the relation between Akatosh and Alduin,0
Alva's Journal,5,Alva,A vampire's plot to take over all of Morthal,0
Amongst the Draugr,14,"Bernadette Bantien, College of Winterhold",Discoveries about the draugr and their link to the dragon cults,0
The Amulet of Kings,6,Wenengrus Monhona,Chronicles the creation of the Amulet of Kings,0
Ancestors and the Dunmer,8,,An outdated guide for foreign visitors to Morrowind,0
Annals of the Dragonguard,200,Brother Annulus,Chronicles of the Dragonguard in the late First Era,0
Antecedants of Dwemer Law,5,,A historical account of the development of Dwemer law and custom from its roots in High Elven culture,0
The Anticipations,14,Anonymous,Overview of the members of and the relationship between the Tribunal and the Daedra,0
The Apprentice's Assistant,12,Aramril,Advice from Valenwood's most prestigious spellcaster,0
Arcana Restored,25,"Wapna Neustra
PraceptorÂ [sic] Emeritus",Cryptic instructions for the restoration of Arcana,0
The Arcturian Heresy,6,"The Underking, Ysmir Kingmaker","A brief, undated, early historical document covering the Underking and Tiber Septim",0
"Argonian Account, Book 1",2,Waughin Jarth,"Decumus Scotti's continued adventures in Black Marsh, Volume 1",0
"Argonian Account, Book 2",12,Waughin Jarth,"Decumus Scotti's continued adventures in Black Marsh, Volume 2",0
"Argonian Account, Book 3",12,Waughin Jarth,"Decumus Scotti's continued adventures in Black Marsh, Volume 3",0
"Argonian Account, Book 4",12,Waughin Jarth,"Decumus Scotti's continued adventures in Black Marsh, Volume 4",0
The Armorer's Challenge,70,Mymophonus,A competition between two skilled armorsmiths,1
"Arondil's Journal, Part 1",5,Arondil,Arondil's account of moving into Yngvild to study necromancy,0
"Arondil's Journal, Part 2",5,Arondil,Arondil's account of his necromancy experimentations,0
"Arondil's Journal, Part 3",5,Arondil,Arondil's account of dealing with a trespasser into Yngvild,0
"Arondil's Journal, Part 4",5,Arondil,Arondil's account of learning to reanimate the dead as ghosts,0
The Art of War Magic,55,"Zurin Arctus, with Commentary By Other Learned Masters",Mastering the art of winning,1
Arvel's Journal,5,Arvel the Swift,A journal describing how Arvel came into possession of the Golden Claw and a hint of its true purpose,0
Atlas of Dragons,50,Brother Mathnan,A glossary of Skyrim's dragons,0
Atronach Forge Manual,5,,A guide on how to use the Atronach Forge,0
The Axe Man,6,,A surprising way to become proficient with an axe,0
Azura and the Box,10,Marobar Sul,Book 11 of a series of fictional stories about the Dwemer,0
Bandit Leader's Journal,5,,Journal entries indicating the location of a hidden stash,0
Bandit's Journal,5,,A Bandit's account of taking over Fort Neugrad,0
Bandit's Journal,5,,A bandit's complaints about their inability to kill a mammoth,0
Battle of Red Mountain,50,Vivec,The story of the Battle of Red Mountain and the Nerevarine Prophecies from Vivec's perspective,1
Battle of Sancre Tor,50,,The story of how General Talos defeated the stronghold of Sancre Tor,1
The Bear of Markarth,8,"Arrianus Arius, Imperial Scholar",An account of Ulfric Stormcloak's short-lived independent reign over the Reach,0
Before the Ages of Man,60,Aicantar of Shimerene,Chronicles the major events of the Dawn and Merethic Eras,1
Beggar,60,Reven,The first chapter in the adventures of Eslaf Erol,1
Beggar Prince,5,,The story of Wheedle and their gifts from the Daedric Lord Namira,0
The Beginner's Guide to Homesteading,10,,A guide to building and furnishing a house on your purchased plot of land,0
The Betrayed,20,Engwe Emeloth,A poem surrounding the tragic fall of the Snow Elves,0
"Biography of Barenziah, v1",3,"Stern Gamboge, Imperial Scribe","A factual biography of Queen Barenziah, Volume 1",0
"Biography of Barenziah, v2",3,"Stern Gamboge, Imperial Scribe","A factual biography of Queen Barenziah, Volume 2",0
"Biography of Barenziah, v3",3,"Stern Gamboge, Imperial Scribe","A factual biography of Queen Barenziah, Volume 3",0
Biography of the Wolf Queen,60,Katar Eriphanes,"A history of the unambiguously evil Queen Potema, the so-called Wolf Queen of Solitude",1
"The Black Arrow, v1",2,Gorgic Guine,"A story of revenge, and a true master archer",0
"The Black Arrow, v2",65,Gorgic Guine,"Volume two of a story of revenge, and a true master archer",1
The Black Arts On Trial,60,"Hannibal Traven, Archmagister of the Mages Guild",A summary of the debate which led to the Mages Guild resolution on Necromancy,1
Black Book: Epistolary Acumen,2000,The Transparent One,A part of a series of Black Books,0
Black Book: Filament and Filigree,2000,Jelketheris,A mysterious fragment of a blacksmith's story.,0
Black Book: The Hidden Twilight,2000,Carillius Melfus,A part of a series of Black Books,0
Black Book: The Sallow Regent,2000,Hawfip the Crafter,A part of a series of Black Books,0
Black Book: Untold Legends,2000,,A part of a series of Black Books,0
Black Book: Waking Dreams,2000,Bilius Felcrex,A part of a series of Black Books,0
Black Book: The Winds of Change,2000,Liesl Grey-Heart,A part of a series of Black Books,0
Boethiah's Glory,25,,Worship book for Boethiah,0
Boethiah's Proving,25,Anonymous,An account of a fatal summoning of Boethiah,0
"Bone, Part I",6,Tavi Dromio,Part one of the invention of bonemold armor,0
"Bone, Part II",6,Tavi Dromio,Part two of the invention of bonemold armor,0
The Book of Daedra,5,,Excerpts from a lengthy tome describing the nature of each of the Daedra,0
The Book of Fate,40,,A blank book said to contain the reader's fate,0
The Book of the Dragonborn,12,Prior Emelene Madrine,A treatise on the Dragonborn,0
The Book of Life and Service,35,,Book relating to the undead of the Soul Cairn,0
Breathing Water,60,Haliel Myrm,Lessons on water breathing,1
"Brief History of the Empire, v1",2,Stronach k'Thojj III,Part 1 of a description of events in the history of the Empire,0
"Brief History of the Empire, v2",2,Stronach k'Thojj III,Part 2 of a description of events in the history of the Empire,0
"Brief History of the Empire, v3",2,Stronach k'Thojj III,Part 3 of a description of events in the history of the Empire,0
"Brief History of the Empire, v4",2,Stronach k'Thojj III,Part 4 of a description of events in the history of the Empire,0
Brothers of Darkness,30,Pellarne Assi,A brief history of the Dark Brotherhood,0
Butcher Journal #1,5,The Butcher,A serial killer's journal entries on stalking a victim,0
Butcher Journal #2,5,The Butcher,A serial killer's translation on flesh magic,0
Butcher Journal,5,Calixto Corrium,A journal revealing the ghoulish motivation behind killings in Windhelm,0
The Buying Game,60,Adabael Timsar-Dadisun,Tips on buying and selling,1
The Cabin in the Woods,8,Mogen Son of Molag,A tale of a soldier and a sobbing ghost,0
The Cake and The Diamond,5,Athyn Muendil,An alchemist tricks a thief!,0
Catalogue of Armor Enchantments,50,"Yvonne Bienne, Synod researcher",An incomplete list of all the spells and armor used in enchanting,1
Catalogue of Weapon Enchantments,50,"Yvonne Bienne, Synod researcher",An incomplete list of all the spells and weapons used in enchanting,1
Cats of Skyrim,7,Aldetuile,A brief treatise on the few felines that can be found in Skyrim,0
Chance's Folly,6,Zylmoc Golge,The folly of a double-crosser,0
Changed Ones,11,,Story of how Boethiah refuted Trinimac,0
"Charwich-Koniinge Letters, v1",13,Charwich,Letter sent from Charwich to Koniinge about their search for Azura's Star,0
"Charwich-Koniinge Letters, v3",13,Charwich,Letter sent from Charwich to Koniinge about their search for Azura's Star,0
"Charwich-Koniinge Letters, v4",20,Syrix Goinithi,Letter sent between Charwich and Koniinge about their search for Azura's Star,0
"Charwich-Koniinge, v2",13,Koniinge,Letter sent from Koniinge to Charwich about their search for Azura's Star,0
Chaurus Pie: A Recipe,11,Nils,A recipe for a pie from chaurus meat,0
Cherim's Heart,70,"Livillus Perus, Professor at the Imperial University","Interview with Cherim, a master tapestry weaver",1
Children of the Sky,25,,A description of the Nords and the Thu'um,0
A Children's Anuad,6,,Early religious book providing a simplified version of The Anuad creation myth from the Mythic Era,0
Children of the All-Maker,11,Tharstan of Solitude,An outsider's accounting of the Skaal,0
Chimarvamidium,"70 (skill book)
20 (ordinary book)",Marobar Sul,Book 6 of a series of fictional stories about the Dwemer,1
Chronicles of Nchuleft,30,An Anonymous Altmer,A historical chronicle of events in the Dwemer Freehold Colony of Nchuleft,0
Cicero's Journal - Final Volume,100,Cicero,The personal chronicle of a Dark Brotherhood assassin,0
Cicero's Journal - Volume 1,25,Cicero,The personal chronicle of a Dark Brotherhood assassin,0
Cicero's Journal - Volume 2,25,Cicero,The personal chronicle of a Dark Brotherhood assassin,0
Cicero's Journal - Volume 3,25,Cicero,The personal chronicle of a Dark Brotherhood assassin,0
Cicero's Journal - Volume 4,25,Cicero,The personal chronicle of a Dark Brotherhood assassin,0
The City of Stone,4,Amanda Alleia,A mercenary's guide to Markarth,0
Cleansing of the Fane,20,,Fragmented script from a member of the Alessian Order,0
The Code of Malacath,2,"Amanda Alleia, Mercenary",A description of life in an average Orc Stronghold,0
Confessions of a Dunmer Skooma Eater,3,Tilse Sendas,A narrative of a cured skooma addict,0
Confessions Of A Khajiit Fur Trader,11,The Fur Trader,A Khajiit's memoir of the black market fur trade,0
Cook's Journal,5,an Unknown Bandit Cook,The journal of a cook that took the phrase dog-eat-dog world a little too literally,0
"A Dance in Fire, v1",3,Waughin Jarth,Chapter 1 of a clerk's adventures in Valenwood,0
"A Dance in Fire, v2",50,Waughin Jarth,Chapter 2 of a clerk's adventures in Valenwood,1
"A Dance in Fire, v3",3,Waughin Jarth,Chapter 3 of a clerk's adventures in Valenwood,0
"A Dance in Fire, v4",4,Waughin Jarth,Chapter 4 of a clerk's adventures in Valenwood,0
"A Dance in Fire, v5",30,Waughin Jarth,Chapter 5 of a clerk's adventures in Valenwood,0
"A Dance in Fire, v6",60,Waughin Jarth,Chapter 6 of a clerk's adventures in Valenwood,1
"A Dance in Fire, v7",60,Waughin Jarth,Chapter 7 of a clerk's adventures in Valenwood,1
Darkest Darkness,5,,A description of various Daedra,0
Daughter of the Niben,60,Sathyr Longleat,The history of Bravil and its famous statue of the Lucky Old Lady,1
Daynas Valen's Journal,5,Daynas Valen,Details Valen's efforts to hunt down the Gauldur Legend,0
Daynas Valen's Notes,5,Daynas Valen,A summary of research of the Gauldur Legend,0
De Rerum Dirennis,55,Vorian Direnni,Tales about a creator of Alchemy Science,1
Death Blow of Abernanit,50,Anonymous (with notes by Geocrates Varnus),The death of Dagoth Thras,1
Death of a Wanderer,12,Anonymous,A tale of an Argonian's unfortunate venture into a Draugr crypt,0
Deathbrand,20,,The tale of a legendary pirate and his treasure,0
Decree of Monument,5,,A plaque commemorating the struggles of those who fled Morrowind following the Red Year,0
Diary of Faire Agarwen,20,Faire Agarwen,The ancient diary of a Snow Elf lamenting the extermination of their race,0
"Discovering Ruunvald, Vol. I",5,Moric Sidrey,,0
"Discovering Ruunvald, Vol. II",5,Moric Sidrey,,0
"Discovering Ruunvald, Vol. III",5,Moric Sidrey,,0
"Discovering Ruunvald, Vol. IV",5,Moric Sidrey,,0
The Doors of the Spirit,5,,Mantra of the Dunmer spirits,0
The Doors of Oblivion,50,Seif-ij Hidja,"The chronicles of Morian Zenas' journey through the realms of Oblivion, penned by his apprentice",1
The Dowry,11,Marobar Sul,Book 10 of a series of fictional stories about the Dwemer,0
The Dragon Break,14,Fal Droon,Explanation of a historical error of timing,0
Dragon Language: Myth no More,14,Hela Thrice-Versed,A lengthy thesis on the ancient language of the dragons,0
The Dragon War,12,Torhal Bjorik,A religious text describing the primordial war between men and dragons,0
A Dream of Sovngarde,8,Skardan Free-Winter,A Nord soldier's account of his dream before the Battle of the Red Ring,0
The Dreamstride,5,The Mysterious Alchemists of Vaermina,A description of the nature and effect of Vaermina's Torpor,0
Dunmer of Skyrim,7,Athal Sarys,A proclamation of Dunmer supremacy in eastern Skyrim,0
"Dwarves, v1",10,"Calcelmo, Scholar of Markarth",A scholarly work on the architecture and metallurgy of Dwemer,0
"Dwarves, v2",10,"Calcelmo, Scholar of Markarth",A scholarly work on the war equipment and machinery of Dwemer,0
"Dwarves, v3",10,"Calcelmo, Scholar of Markarth",A scholarly work on the culture and history of Dwemer,0
Dwemer History and Culture,13,Hasphat Antabolis,A scholar's review of the Dwemer essays written by Marobar Sul,0
Dwemer Inquiries Vol I,6,"Thelwe Ghelein, Scholar",Part of a series of scholarly essays on the elusive Dwemer,0
Dwemer Inquiries Vol II,6,"Thelwe Ghelein, Scholar",Part of a series of scholarly essays on the elusive Dwemer,0
Dwemer Inquiries Vol III,6,"Thelwe Ghelein, Scholar",Part of a series of scholarly essays on the elusive Dwemer,0
Effects of the Elder Scrolls,25,Justinius Poluhnius,A thesis on the four different types of readers of the Elder Scrolls,0
Eisa's Journal,5,Eisa Blackthorn,The journal of a bandit,0
Enchanter's Primer,50,Sergius Turrianus,A guide for novices in enchanting issued by the College of Winterhold,1
Endrast's Journal,5,Endrast,A journal detailing Endrast's escape from Falmer in Alftand,0
Erj's Notes,5,Erj,Notes revealing an expedition team member's selfish intents,0
The Exodus,55,Waughin Jarth,The tale of a couple's desperate bid to save their only child,1
Expedition Manifest,5,Sulla Trebatius,A basic run-down of the Alftand Expedition Camp and its occupants,0
An Explorer's Guide to Skyrim,8,"Marcius Carvain, Viscount Bruma",A brief travel guide for adventuresome tourists in Skyrim,0
Eydis's Journal,25,Eydis,,0
Faded Diary,5,,The diary of a refugee from Morrowind who never found safety,0
Fall from Glory,8,Nithilis Lidari,Theories on the weakening of the Skyrim Thieves Guild,0
Fall of the Snow Prince,11,Lokheim,"An account of the Battle of the Moesring as transcribed by Lokheim, chronicler to the chieftain Ingjaldr White-Eye",0
The Falmer: A Study,11,Ursa Uthrax,"A study on Falmer, recounting their war with the Dwemer",0
Father Of The Niben,65,Florin Jaliil,Translation of the fragmented journal of Topal the Pilot,1
Feyfolken I,12,Waughin Jarth,"The Great Sage tells Volume 1 of a story of Artaeum, Psijics, and Robotic Enchanters",0
Feyfolken II,12,Waughin Jarth,"The Great Sage tells Volume 2 of a story of Artaeum, Psijics, and Robotic Enchanters",0
Feyfolken III,12,Waughin Jarth,"The Great Sage tells Volume 3 of a story of Artaeum, Psijics, and Robotic Enchanters",0
Final Lesson,14,Aegrothius Goth,Two apprentices are separated,0
Fire and Darkness,50,Ynir Gorming,The history of the Morag Tong assassin guild,1
The Firmament,5,Ffoulke,A book of constellations and their meanings,0
The Firsthold Revolt,7,Maveus Cie,The story of how Hlaalu Helseth's sister kept the Summerset Isle city of Firsthold,0
Fisherman's Journal,5,Advard,,0
Fisherman's Journal,5,,A fisherman writes about superstitions surrounding Lake Ilinalta,0
Five Songs of King Wulfharth,30,,"A summary of five epic songs of the Ash King, plus an apocryphal song of the Tribunal, Dagoth-Ur and Nerevar",0
The Five Far Stars,7,Zershishi Mus-Manul,Ashlander poetry,0
Flight from the Thalmor,13,Hadrik Oaken-Heart,A written epitaph of a Nordic skald,0
"Forge, Hammer and Anvil",14,Adolphus Eritius,Poorly-written notes on smithing by a Nordic blacksmith in the late Second Era,0
The Four Totems of Volskygge,5,,A logic puzzle holding the secret to opening a barred gate,0
Fragment: On Artaeum,20 / 5,Taurce il-Anselma,A work explaining some of the history of the Psijic island of Artaeum,0
"Frontier, Conquest",5,"University of Gwylim Press, 3E 344",Details the presence of humans in Tamriel before the original Nordic conquests thought to bring humans to Tamriel,0
Galerion The Mystic,6,Asgrim Kolsgreg,"A biography of Galerion, a Psijic who founded the Mages Guild",0
Gallus's Encoded Journal,5,Gallus Desidenius,The secret encrypted journal of one of the Nightingales,0
A Game at Dinner,55,An Anonymous Spy,A spy's observations upon poison making and a dinner party,1
A Gentleman's Guide to Whiterun,3,Mikael the Bard,A bard's description of life in the city of Whiterun,0
Ghosts in the Storm,13,Adonato Leotelli,Author's tale of his encounter with the Falmer,0
Glories and Laments,25,Alexandre Hetrard,"The ""glories"" of the Ayleid city Ceyatatar and ""laments"" over the collapse of the Ayleid civilization",0
Gods and Worship,5,Brother Hetchfield,Speculation concerning the worship of gods and their benefit from such,0
The Gold Ribbon of Merit,65,Ampyrian Brum,A man tutors his old friend in marksmanship,1
Gratian's Journal,125,Gratian Caerellius,A record of a miner's discovery in an ancient Nordic barrow,0
Great Harbingers,13,Swyk the Long-Sighted,Chronicle of some of the leaders of the Companions,0
The Great War,6,Legate Justianus Quintius,A soldier's summation of the major events before and during the Great War,0
The Guardian and the Traitor,20,Lucius Gallus,"A Skaal legend, describing a Dragon Priest's corruption by Herma-Mora",0
Guide to Better Thieving,60,Wulfmare Shadow-Cloak,A boastful thief discusses the tricks of the trade,1
Habd's Journal,5,Habd,A journal detailing Habd's purchase of the Frostflow Lighthouse and the events leading up the massacre of his family by Falmer,0
Hajvarr's Journal,5,Hajvarr Iron-Hand,A journal relaying the White River bandit gang's problems,0
Hallgerd's Tale,70,Tavi Dromio,Squabbling over the greatest warrior ever leads to a tale of heavy-armor-master Hlaalu Pasoroth,1
Hamelyn's Journal,75,Hamelyn,,0
Hanging Gardens,30,,"A travel guide to the Hanging Gardens of Wasten Coridale, written in both Dwemeris and Aldmeris",0
Hargar's Journal,5,Captain Hargar,Events leading up to the wreckage of the Icerunner,0
Harvesting Frostbite Spider Venom,7,,A brief guide to harvesting frostbite spider venom,0
Heavy Armor Forging,70,Sven Two-Hammers,A guide to creating Heavy Armor,1
Heddic's Volunruud Notes,5,Heddic Volunnar,About accessing the tomb of Kvenel the Tongue,0
Herbalist's Guide to Skyrim,55,Agneta Falia,"A description of alchemy ingredients found in Tamriel's northernmost province, Skyrim",1
Herbane's Bestiary: Automatons,14,Herbane,A guide to Dwemer Constructs,0
Herbane's Bestiary: Hagravens,6,Herbane,A guide to Hagravens,0
Herbane's Bestiary: Ice Wraiths,7,Herbane,A guide to Ice Wraiths,0
"History of Raven Rock, Vol. I",7,Lyrin Telleno,The history of Solstheim's mining town,0
"History of Raven Rock, Vol. II",7,Lyrin Telleno,The history of Solstheim's mining town,0
"History of Raven Rock, Vol. III",7,Lyrin Telleno,The history of Solstheim's mining town,0
Holdings of Jarl Gjalund,5,Slafknir the Scribe,An ancient list of settlements within Whiterun Hold,0
The Holds of Skyrim,3,,The official guide of the Imperial Legion to Skyrim and its holds,0
The Hope of the Redoran,5,Turiul Nirith,A tale of a child blessed by a prophecy and the interpretation thereof,0
Horker Attacks,4,Heidmir Starkad,The tale of a horker attack,0
Horror of Castle Xyr,55,Baloth-Kul,A One Act Play,1
The House of Troubles,7,,Chronicle of the Daedra who decided not to submit to the Tribunal,0
Hrodulf's Journal,10,Hrodulf,The journal of a man slowly being driven mad by something in his new house,0
Hunter's Journal,5,,,0
Hunter's Journal,5,,,0
A Hypothetical Treachery,55,Anthil Morvir,A One Act Play,1
Ice and Chitin,50,Pletius Spatec,A tale of the manipulation of chitin armor,1
Ildari's Journal,125,Ildari Sarothril,,0
"Ildari's Journal, vol. I",5,Ildari Sarothril,,0
"Ildari's Journal, vol. II",5,Ildari Sarothril,,0
"Ildari's Journal, vol. III",5,Ildari Sarothril,,0
Immortal Blood,4,Anonymous,Dialogues about fighting with vampires,0
Imperial Missive,0,General Tullius,About the Thalmor imprisonment of a Whiterun citizen,0
Imperial Report on Saarthal,13,Heseph Chirirnis,A report from a Mages Guild Scholar assigned to Imperial Archaeologist Sentius Floronius,0
The Importance of Where,50,Marobar Sul,Book 3 of an incomplete series of fictional stories about the Dwemer,1
Incident at Necrom,60,Jonquilla Bothe,A story about an illusionist,1
Invocation of Azura,20,Sigillah Parate,A work written by a priestess of Azura arguing the superiority of Azura to other Daedra Princes,0
J'zhar's Journal,5,J'zhar,The journal of one of the Khajiiti brothers on an ill-fated expedition,0
Japhet's Journal,5,Japhet,The journal of a man who became consumed by his obsession,0
Jornibret's Last Dance,50,,Song involving men and women's parts,1
Journal,5,Kornalus,About experiments for infusing elemental energy into Frostbite Spiders,0
Journal,5,,A dying man's last thoughts,0
Journal,5,,About a woman's fatal trip to her favorite swimming hole,0
Journal of Drokt,5,Drokt,,0
Journal of Mirtil Angoth,20,Mirtil Angoth,The ancient diary of a Snow Elf and their plan to seek refuge with the Dwemer,0
The Journal of Ralis Sedarys - Volume 19,5,Ralis Sedarys,,0
The Journal of Ralis Sedarys - Volume 20,5,Ralis Sedarys,,0
The Journal of Ralis Sedarys - Volume 21,5,Ralis Sedarys,,0
The Journal of Ralis Sedarys - Volume 22,5,Ralis Sedarys,,0
The Journal of Ralis Sedarys - Volume 23,5,Ralis Sedarys,,0
Karan's Journal,5,Karan,About a girl's ill-fated plan to elope with her Dunmer lover,0
Katria's Journal,15,Katria,Research notes about the location of an ancient Dwemer forge,0
The Keepers of the Razor,5,Silus Vesuius,An account of the separation and division of Mehrunes' Razor into three pieces,0
Killing - Before You're Killed,3,Eduardo Corvus,Tips on effective combat methods,0
King,50,Reven,The final chapter in the adventures of Eslaf Erol,1
King Olaf's Verse,30,,"A lost part of the Poetic Edda, sung during the burning of Olaf's effigy in Solitude",0
"A Kiss, Sweet Mother",6,,A description of the Black Sacrament in order to enlist the Dark Brotherhood,0
The Knights of the Nine,70,Karoline of Solitude,The founding and breakup of the original Knights of the Nine,1
Kodlak's Journal,5,Kodlak Whitemane,The last writings of a Harbinger of the Companions,0
Kolb & the Dragon,2,,A story of a quest to slay a dragon where the reader makes the choices and decides the hero's fate,0
Krag's Journal,5,Krag,Notes on an expedition team's progress into Nchuand-Zel,0
Kyr's Log,5,Kyr,The log of an attempt to turn a crypt into a bandit lair,0
Last King of the Ayleids,25,Herminia Cinna,Chronicles the downfall of the Ayleid Empire in the First Era,0
The Last King of the Ayleids,5,Herminia Cinna,Chronicles the downfall of the Ayleid Empire in the First Era,0
Last Scabbard of Akrash,70,Tabar Vunqidh,Story of a slaver's daughter and her Khajiit lover,1
Legend of Krately House,75,Baloth-Kul,A play about the ghostly Krately family and how they died,1
The Legend of Red Eagle,5,Tredayn Dren,An ancient tale about the invasion of the Reach by the First Empire,0
The Legendary Sancre Tor,50,Matera Chapel,An attempt to chronicle the rise and fall of Sancre Tor,1
The Legendary Scourge,30,,"A short story and poem about Scourge, the mace of Malacath",0
Life of Uriel Septim VII,5,Rufus Hayn,A short biography of Uriel Septim VII's accomplishments,0
Light Armor Forging,70,Revus Sarvani,A book detailing various aspects of forging the various types of light armor,1
Liminal Bridges,50,Camilonwe of Alinor,A Discourse On The Theory and Praxis of Traveling Between Mundus and Oblivion,1
Lives of the Saints,5,Tribunal Temple,Listing and describing prominent saints of the Dunmer,0
The Locked Room,75,Porbert Lyttumly,How a pupil outlocks her cruel lockpick instructor,1
Lost Legends,11,"Talsgar the Elder, Archivist of Winterhold",A collection of less well-known folk tales from Skyrim's past,0
Love Poem,5,Yngvar the Singer,A poem for Markarth's housecarl,0
Lu-ah's Journal,5,Lu'ah Al-Skaven,,0
The Lunar Lorkhan,60,Fal Droon,A theory about the moons Masser and Secunda,1
"The Lusty Argonian Maid, v1",14,Crassius Curio,A short excerpt from Crassius Curio's bawdy play,0
"The Lusty Argonian Maid, v2",14,Crassius Curio,Another short scene from the pen of Vivec City's foremost playwright,0
Lusty Argonian Maid Folio,25,Crassius Curio,,0
Lycanthropic Legends of Skyrim,20,"Lentulus Inventius, Order of the Horn",A recounting of the unwillingness of Skyrim's inhabitants to share stories of Lycanthropy,0
Lymdrenn Tenvanni's Journal,5,Lymdrenn Tenvanni,A father's last words surrounding the fate of House Telvanni,0
Mace Etiquette,50,,A warrior's instruction pamphlet on proper mace tactics,1
"The ""Madmen"" of the Reach",7,"Arrianus Arius, Imperial Scholar",A defense of the Forsworn,0
The Madness of Pelagius,12,Tsathenes,Profiling the renowned Mad Emperor,0
Magic from the Sky,12,Irlav Jarol,"Treatise concerning Ayleid Wells, Welkynd Stones, and Varla Stones",0
Maluril's Journal,5,Maluril Ferano,,0
Malyn Varen's Grimoire,30,"Malyn Varen, Master Enchanter",A proud mage boasts of altering a Daedric artifact,0
"Mannimarco, King of Worms",55,Horicles,"Biography of Mannimarco, the leader of Necromancers, in verse",1
Margret's Journal,5,Margret,An Imperial Legion spy's journal detailing a mission to acquire the Cidhna Mine,0
Markarth Home Decorating Guide,5,,Details on accessory packages available for a Markarth home,0
The Marksmanship Lesson,65,Alla Llaleth,How a Bosmer slave teaches his master's son marksmanship,1
Master Illusion Text,5,,,0
Master Illusion Text,5,,,0
Master Illusion Text,5,,,0
Master Illusion Text,5,,,0
Medresi's Notes,5,Medresi Dran,The Journal of Medresi Dran,0
Merchant's Journal,5,,,0
Merilar's Journal,5,Merilar Rendas,The journal of Merilar Rendas,0
Midden Incident Report,5,,,0
Miner's Journal,5,Hadrir,,0
A Minor Maze,8,,A brief history of Labyrinthian,0
Minorne,5,Moric Sidrey,,0
The Mirror,50,Berdier Wreans,About a skilled fighter's showdown with his greatest enemy,1
Mixed Unit Tactics,5,Codus Callonus,A book about the strategies of the Khajiit during the Five Years War,0
The Monomyth,8,,A theological book containing the common creation myths,0
Mysterious Akavir,5,,Information about the continent Akavir,0
"Mystery of Talara, v 1",3,Mera Llykith,Part one of the story of Princess Talara,0
"Mystery of Talara, v 2",55,Mera Llykith,Part two of the story of Princess Talara,1
"Mystery of Talara, Part 4",60,Mera Llykith,Part four of the story of Princess Talara,1
"Mystery of Talara, v3",55,Mera Llykith,Part three of the story of Princess Talara,1
"Mystery of Talara, v5",11,Mera Llykith,Part five of the story of Princess Talara,0
Mythic Dawn Commentaries 1,25,Mankar Camoran,The first book read by initiates to the Mythic Dawn cult,0
Mythic Dawn Commentaries 2,25,Mankar Camoran,The second book read by initiates to the Mythic Dawn cult,0
Mythic Dawn Commentaries 3,25,Mankar Camoran,The third book read by initiates to the Mythic Dawn cult,0
Mythic Dawn Commentaries 4,25,Mankar Camoran,The fourth and final book read by initiates to the Mythic Dawn cult,0
Myths of Sheogorath,2,Mymophonus,Magical myths about the Madgod himself,0
N'Gasta! Kvata! Kvakis!,20,N'Gasta,An obscure text written in the language of the Sload by a necromancer,0
Nchunak's Fire and Faith,20,Nchunak,Nchunak's journey among the Dwemer and his attempts to understand the teachings of Kagrenac,0
Nepos's Journal,5,Nepos the Nose,The regretful musings of an elderly Forsworn agent,0
Nerevar at Red Mountain,30,the Tribunal Temple,A scholarly description of the events surrounding the Battle at Red Mountain and its aftermath,0
Nerevar Moon and Star,30,,An Imperial scholarly work on the legend of Indoril Nerevar,0
Night Falls on Sentinel,50,Boali,How a knight weeds out an enemy of the king,1
The Night Mother's Truth,25,Gaston Bellefort,A thesis on the Dark Brotherhood and its spiritual leader,0
Night of Tears,5,Dranor Seleth,An inquiry into the cause of the Night of Tears,0
Nightingales: Fact or Fiction?,3,Wilimina Roth,Dissertation discussing whether a mysterious group of thieves actually exists,0
The Nightingales Vol. 1,500,Gallus Desidenius,Volume 1 of the books that describe the Nightingales,0
The Nightingales Vol. 2,500,Gallus Desidenius,Volume 2 of the books that describe the Nightingales,0
The Nirnroot Missive,250,Sinderion,A description of the enigmatic plant called Nirnroot,0
Nords Arise!,4,Anonymous,Stormcloak's recruitment essay calling for rebellion against the Empire,0
Nords of Skyrim,6,Hrothmund Wolf-Heart,An essay professing the finer qualities of Nords,0
"Notes on Dimhollow Crypt, Vol. 3",11,Adalvald,A Vigilant of Stendarr's notes on an ancient vampire burial site,0
Notes On The Lunar Forge,55,,Observations about Lunar weapons,0
Notes on Yngol Barrow,5,,A scholar's transcription of ancient Nord writings in a Skyrim barrow,0
Nystrom's Journal,150,Nystrom,A bandit's journal on attempting to con their way into the Twilight Sepulcher,0
The Oblivion Crisis,6,"Praxis Sarcorum, Imperial Historian",A summary of the events stemming from the assassination of Emperor Uriel Septim VII,0
Ode To The Tundrastriders,8,Unknown,A poem dedicated to giants,0
Of Crossed Daggers,5,Dwennon Wyndell,The story of Riften's fall from grace,0
Of Fjori and Holgeir,6,,A tale of two star-crossed lovers in Skyrim,0
Oghma Infinium,2500,Xarxes,An ancient text containing the knowledge of Hermaeus Mora,0
Olaf and the Dragon,2,Adonato Leotelli,A historian ponders the legend of Olaf One-Eye and Numinex,0
Old Tome,5,,A poetic hint on how to open a hidden door,0
The Old Ways,30,Celarus the Loremaster,A guide to the Psijic Order and their beliefs,0
On Apocrypha: Boneless Limbs,100,,,0
On Apocrypha: Delving Pincers,100,,,0
On Apocrypha: Gnashing Blades,100,,,0
On Apocrypha: Prying Orbs,100,,,0
On Oblivion,10,Morian Zenas,A guide to Oblivion and the Daedra,0
On Stepping Lightly,12,Sigilis Justus,A warning on what to expect in the ruins of Skyrim,0
On the Great Collapse,12,Arch-Mage Deneth,A letter from the Arch-Mage of the College of Winterhold to the Jarl following the Great Collapse,0
Opusculus Lamae Bal,14,"Mabei Aywenil, Scribe",A brief account of Lamae Bal and the Restless Death,0
Orsinium and the Orcs,70,Menyna Gsost,The story of how Gortwog won the land to the north of Wayrest,1
"Palla, volume 1",3,Vojne Mierstyyd,A conjurer's tragic infatuation with a dead woman (volume 1 of 2),0
"Palla, volume 2",10,Vojne Mierstyyd,A conjurer's tragic infatuation with a dead woman (volume 2 of 2),0
Pension of the Ancestor Moth,8,,A Temple novice's initiatory pamphlet on the Cult of the Ancestor Moth,0
Physicalities of Werewolves,14,Reman Crex,A morbid anatomical study of werewolves on live subjects,0
The Pig Children,20,Tyston Bane,Discusses the history of the Orcish threat in the Iliac Bay,0
Pirate King of the Abecean,6,,An ode to the Pirate King,0
"The Poison Song, Book I",3,Bristin Xel,Part 1 of an epic set in the aftermath of the war with the Dwemer and House Dagoth,0
"The Poison Song, Book II",3,Bristin Xel,Part 2 of an epic set in the aftermath of the war with the Dwemer and House Dagoth,0
"The Poison Song, Book III",3,Bristin Xel,Part 3 of an epic set in the aftermath of the war with the Dwemer and House Dagoth,0
"The Poison Song, Book IV",3,Bristin Xel,Part 4 of an epic set in the aftermath of the war with the Dwemer and House Dagoth,0
"The Poison Song, Book V",3,Bristin Xel,Part 5 of an epic set in the aftermath of the war with the Dwemer and House Dagoth,0
"The Poison Song, Book VI",3,Bristin Xel,Part 6 of an epic set in the aftermath of the war with the Dwemer and House Dagoth,0
"The Poison Song, Book VII",3,Bristin Xel,Part 7 of an epic set in the aftermath of the war with the Dwemer and House Dagoth,0
The Posting of the Hunt,25,,A document announcing a ritualistic hunting of a mortal by Daedra,0
Power of the Elements,5,,,0
Proper Lock Design,75,Unknown,"Written as a manual for lock designers, unintentionally helpful to thieves",1
Purloined Shadows,60,Waughin Jarth,A chill tale recounting the theft of Nocturnal's cloak,1
Racial Phylogeny,55,"the Council of Healers, Imperial University",About the similarities and differences between the races of Tamriel,1
Raleth Eldri's Notes on Kagrumez,5,Raleth Eldri,,0
Ramati's Journal,5,Ramati,A journal detailing a Redguard family's purchase of the Frostflow Lighthouse leading up to their massacre by Falmer,0
The Ransom of Zarek,2,Marobar Sul,How a boy escapes his kidnappers,0
"The Real Barenziah, v1",5,Anonymous,"Unauthorized biography of the famous Queen Mother of Morrowind, Volume 1",0
"The Real Barenziah, v2",5,Anonymous,"Unauthorized biography of the famous Queen Mother of Morrowind, Volume 2",0
"The Real Barenziah, v3",5,Anonymous,"Unauthorized biography of the famous Queen Mother of Morrowind, Volume 3",0
"The Real Barenziah, v4",5,Anonymous,"Unauthorized biography of the famous Queen Mother of Morrowind, Volume 4",0
"The Real Barenziah, v5",5,Anonymous,"Unauthorized biography of the famous Queen Mother of Morrowind, Volume 5",0
Reality & Other Falsehoods,60,,Summary of the basic principles of Alteration magic,1
The Rear Guard,50,Tenace Mourl,How a lone man guards a besieged castle and how he obtains his food,1
The Reclamations,6,Thara of Rihad,An account of changes in the Dunmer religion following the end of the Tribunal,0
The Red Book of Riddles,30,,Small collection of riddles,0
Red Eagle's Rite,5,,A rite to raise the legendary Red Eagle from death,0
The Red Kitchen Reader,75,Simocles Quo,Autobiographical musings of how the Master of Cuisine came to adore viands,1
"The Red Year, Vol. I",6,Melis Ravel,Dunmer of Morrowind describe the Red Year,0
"The Red Year, Vol. II",6,Melis Ravel,Dunmer of Morrowind describe the Red Year,0
The Refugees,50,Geros Albreigh,History of refugees fleeing the Camoran Usurper,1
Remanada,20,,"Fragmented, mythical recounting of the conception of Reman and the return of the Chim-el Adabal with the people of Tamriel",0
Report: Disaster at Ionith,3,"Lord Pottreid, Chairman",An Imperial-scripted dispatch concerning Uriel V's invasion of Akavir,0
Research Log,5,First Adjunct Oronrel,,0
Research Notes,5,Sulla Trebatius,Research notes on the discovery of Dwarven Spider Automatons,0
Response to Bero's Speech,55,"Malviser, Battlemage","Commentaries of ""Bero's Speech to the Battlemages"" book",1
Riften Home Decorating Guide,5,,Details on accessory packages available for a Riften home,0
The Rise and Fall of the Blades,11,Anonymous,On the Blades' origins and their fate,0
"Rising Threat, Vol. I",6,Lathenil of Sunhold,Volume one in the series of books about Thalmor,0
"Rising Threat, Vol. II",6,Lathenil of Sunhold,Volume two in the series of books about Thalmor,0
"Rising Threat, Vol. III",6,Lathenil of Sunhold,Volume three in a series of books about the Thalmor,0
"Rising Threat, Vol. IV",6,Lathenil of Sunhold,Final volume in a series of books about the Thalmor,0
Rislav The Righteous,50,Sinjin,"Heroic tales of Rislav Larich, ancient King of Skingrad",1
Ruined Trailbook,5,,Travel log of an ill-fated group's accidental foray into Falmer territory,0
Ruins of Kemel-Ze,7,Rolard Nordssen,An archaeologist's adventure through ancient Dwemer ruins,0
Ruminations on the Elder Scrolls,30,Septimus Signus,A philosophical view on the role of the Elder Scrolls,0
Runil's Journal,5,Runil,The journal of a priest that portents the return of Dragons and the arrival of the Dovahkiin,0
Sacred Witness,75,Enric Milnes,Account of Enric's meeting with the Night Mother and career as an assassin,1
Saden's Journal,1,Saden,The journal of Saden,0
Saint Jiub's Opus,1250,Jiub,Saint Jiub the Eradicator of the Winged Menace recounts his rise to glory,0
Scourge of the Gray Quarter,8,Frilgeth Horse-Breaker,A complaint on the presence and behavior of the growing Dunmer population of Skyrim,0
The Seed,10,Marobar Sul,Book 2 of an incomplete series of fictional stories about the Dwemer,0
Servos' Journal,5,Servos Rendas,The journal of Servos Rendas,0
Shadowmarks,30,Delvin Mallory,A list of symbols members of the Thieves Guild leave behind for each other,0
Shalidor's Insights,5,Shalidor,A disquisition on the origin and nature of Dragons,0
Shezarr and the Divines,11,Faustillus Junius,The relationship between the god Shezarr and the other Cyrodilic deities,0
Short History of Morrowind,15,Jeanette Sitte,Some excerpts from the book's introduction and its section on Vvardenfell,0
Sild's Journal,5,Sild the Warlock,Journal entries on how a warlock captures live test subjects with a pit fall trap,0
Sinderion's Field Journal,30,Sinderion,A detailed account of an alchemist's obsession with Nirnroot,0
Sithis,60,,Text detailing an apparent connection between Sithis and Lorkhan,1
Skorm Snow-Strider's Journal,5,Skorm Snow-Strider,The journal of a First Era Nordic commander and his encounter with the Dragon Cult,0
Skyrim's Rule,14,Abdul-Mujib Ababneh,A Redguard explains Skyrim's political system,0
Smuggler's Journal,5,,,0
Solitude Home Decorating Guide,5,,Details on accessory packages available for a Solitude home,0
Song Of Hrormir,50,,"The epic narrative of Hrormir, one-time champion of Nocturnal",1
Song of the Alchemists,55,Marobar Sul,Book 5 of an incomplete series of fictional stories about the Dwemer,1
Song of the Askelde Men,5,,A traditional Nordic poem about a ghost stalking those that killed him,0
"The Song of Pelinal, v1",5,,A description of the origins of Pelinal's name,0
"The Song of Pelinal, v2",5,,A history of Pelinal's origins,0
"The Song of Pelinal, v3",5,,"A description of Pelinal's mortal enemy, Umaril the Unfeathered",0
"The Song of Pelinal, v4",5,,A brief list of Pelinal's great deeds,0
"The Song of Pelinal, v5",5,,Notes about Pelinal's friendship with Morihaus,0
"The Song of Pelinal, v6",5,,Thoughts on Pelinal's madness,0
"The Song of Pelinal, v7",5,,"On Pelinal's battle with Umaril, and his dismemberment",0
"The Song of Pelinal, v8",5,,Pelinal's words at the deathbed of Alessia,0
Songs of Skyrim,10,"Giraud Gemaine, Historian of the Bards College, Solitude",A compilation of popular songs in Skyrim,0
Songs of Skyrim: Revised,14,"Giraud Gemaine, Historian of the Bards College, Solitude",A compilation of popular songs in Skyrim,0
"Songs of the Return, Vol 2",6,,Part of the traditional legend of Ysgramor and his Five Hundred Companions,0
"Songs of the Return, Vol 7",6,,Part of the traditional legend of Ysgramor and his Five Hundred Companions,0
"Songs of the Return, Vol 19",6,,Part of the traditional legend of Ysgramor and his Five Hundred Companions,0
"Songs of the Return, vol 24",30,,Part of the traditional legend of Ysgramor and his Five Hundred Companions,0
"Songs of the Return, Vol 56",6,,Part of the traditional legend of Ysgramor and his Five Hundred Companions,0
"Souls, Black and White",20,,A scholar's look at the souls of man and beast,0
Sovngarde: A Reexamination,12,Bereditte Jastal,"Speculation regarding Sovngarde, the Nordic Hall of Valor",0
Spider Experiment Notes,5,,,0
Spirit of Nirn,6,,Opinions of the god Lorkhan and the origin of creation,0
Spirit of the Daedra,25,,A look into the Daedric mindset,0
Staubin's Diary,5,Staubin,An account of an expedition into Nchuand-Zel,0
Stromm's Diary,5,Stromm,Research notes on an expedition into Nchuzand-Zel,0
Sudi's Journal,5,Sudi,A journal detailing the moments from Sudi moving into Frostflow Lighthouse until her family's massacre by Falmer,0
Sulla's Journal,5,Sulla Trebatius,A journal describing an ill fated excavation of Alftand,0
"The Sultry Argonian Bard, v1",14,Ellya Erdain,A short excerpt from Ellya Erdain's play,0
Surfeit of Thieves,75,Aniis Noru,How a busted robbery gets even worse,1
Suvaris Atheron's Logbook,5,Suvaris Atheron,,0
The Tale of Dro'Zira,11,Sonia Vette,A Khajiit father in the grips of moon-sugar gives his cub a history lesson,0
The Talos Mistake,7,Leonora Venatus,Propaganda encouraging acceptance of the ban on the worship of Talos,0
Tamrielic Lore: Revised,14,Yagrum Bagarn,"A list, compiled by the last living Dwemer, of ancient artifacts",0
Tattered Journal,5,,,0
Tattered Journal,5,,,0
Thalmor Dossier: Delphine,5,,Thalmor Dossier on the Blades agent Delphine,0
Thalmor Dossier: Esbern,5,,Thalmor Dossier on the Blades Loremaster Esbern,0
Thalmor Dossier: Ulfric Stormcloak,5,,Thalmor dossier on the Jarl of Windhelm,0
There Be Dragons,11,Torhal Bjorik,A report on the nature of dragons,0
Thief,60,Reven,The second chapter of the adventures of Eslaf Erol,1
Thief of Virtue,5,,"A bawdy tale of one thief's quest for coin, and capture of a lady's virtue",0
The Third Door,11,Annanar Orme,"Tale of a heart-broken, vengeful, axe-wielding woman",0
The Third Era Timeline,8,Jaspus Ignateous,An accounting of the most significant events of the Third Era,0
"Thirsk, A Revised History",3,,"Chronicles the Nord mead hall of Thirsk circa 4E 201, focusing primarily on its chieftains",0
Thonar's Journal,5,Thonar Silver-Blood,Revelations that Thonar Silver-Blood is having secret dealings with the Forsworn,0
Three Thieves,75,Anonymous,Some thieves in Morrowind plan a heist,1
The Totems of Hircine,30,,Werewolf tales regarding artifacts of Hircine,0
Touching the Sky,20,Parmion Saldor,An overview of Snow Elf pilgrimages to the Chantry of Auri-El,0
A Tragedy in Black,50,,The story of a youth summoning a Dremora,1
Trap,13,Anonymous,"A starving man steals money for food, but pays a high price for his action",0
Treatise on Ayleidic Cities,25,,The history of Varsa Baalim and Mehrunes' Razor,0
Trials of St. Alessia,5,,Excerpt from a greater work detailing the creation of the Amulet of Kings,0
Troll Slaying,8,Finn,"A guide to identifying, fighting, and collecting fat from trolls",0
The True Nature of Orcs,20,,Book detailing the Orsimer race and their origin,0
The True Noble's Code,7,Serjo Athyn Sarethi,Gives the guidelines to the members of the House Redoran,0
Twin Secrets,50,Brarilu Theran,A tale of an enchanter's path to discovering how to weave two enchantments onto one item,1
Ulfr's Book,5,,A blank book being read by a blind watchman,0
Ulyn's Journal,25,Ulyn,,0
Umana's Journal,5,Umana,A record of an ill-fated exploration of Dwemer ruins in Skyrim,0
Uncommon Taste,3,The Gourmet,A cook book containing recipes of a Breton origin,0
Uncommon Taste - Signed,30,The Gourmet,"A letter, containing recipes, from the Gourmet to Anton",0
"Unknown Book, Vol. I",20,ENGWE EMELOTH,,0
"Unknown Book, Vol. II",20,,,0
"Unknown Book, Vol. III",20,,,0
"Unknown Book, Vol. IV",20,PARMION SALDOR,,0
Valerica's Journal,10,Valerica,Valerica's notes on attuning the portal vessel to the Soul Cairn,0
Varieties of Daedra,11,Aranea Drethan,"An analysis of Daedra forms, focusing primarily on the Dremora",0
Varieties of Faith in the Empire,13,Brother Mikhael Karkuxor of the Imperial College,An expansive list of the pantheons and associated divine spirits of Tamriel's dominant cultures,0
Venarus Vulpin's Journal,5,Venarus Vulpin,The journal of a vampire and his discovery of the Bloodspring of Lengeir's Feast,0
Venarus Vulpin's Research,5,Venarus Vulpin,Research notes on the Bloodspring of Lengeir's Feast,0
Vernaccus and Bourlor,"65 (Skill Book)
6 (Normal)",Tavi Dromio,How a short-tempered Daedra tries to make something of himself,1
Volk's Journal,5,Volk,,0
Wabbajack,7,,Story of one man's summoning of Sheogorath and descent into madness,0
"Walking the World, Vol XI",8,Spatior Munius,A comprehensive description of the city of Solitude,0
War of the First Council,25,Agrippa Fundilius,A brief account of a First Age religious conflict,0
Warrior,50,Reven,The third chapter of the adventures of Eslaf Erol,1
The Warrior's Charge,50,,An old poem of the Redguards that deals with the constellations,1
Watcher of Stones,8,"Gelyph Sig, Thane of Bjorin",Musings on the Guardian Stones of Skyrim,0
The Waters of Oblivion,30,,A work on the dangers of Daedra and Oblivion,0
Where were you when the Dragon Broke,13,Various,A brief description and multiple accounts of the Dragon Break,0
Whiterun Home Decorating Guide,5,,Details on accessory packages available for a Whiterun home,0
The Wild Elves,25,Kier-Jo Chorvak,"Brief description of the Ayleids, or Wild Elves",0
Wind and Sand,100,Afa-Saryat,"A treatise on the sands of the Alik'r Desert, and their relationship to magic",0
Windhelm Home Decorating Guide,5,,Details on accessory packages available for a Windhelm home,0
The Windhelm Letters,7,Reylia,A series of letters written in the Second Era from a woman in Windhelm to her husband in Solitude,0
The Wispmother,8,Mathias Etienne,Summation of legends regarding the Wispmothers,0
Withershins,55,Yaqut Tawashi,A humorous tale of a man's ailment and cure,1
"The Wolf Queen, v1",75,Waughin Jarth,"Life of Queen Potema, Book One",1
"The Wolf Queen, v2",4,Waughin Jarth,"Life of Queen Potema, Book Two",0
"The Wolf Queen, v3",4,Waughin Jarth,"Life of Queen Potema, Book Three",0
"The Wolf Queen, v4",4,Waughin Jarth,"Life of Queen Potema, Book Four",0
"The Wolf Queen, v5",4,Waughin Jarth,"Life of Queen Potema, Book Five",0
"The Wolf Queen, v6",30,Waughin Jarth,"Life of Queen Potema, Book Six",0
"The Wolf Queen, v7",4,Waughin Jarth,"Life of Queen Potema, Book Seven",0
"The Wolf Queen, v8",12,Waughin Jarth,"Life of Queen Potema, Book Eight",0
The Woodcutter's Wife,8,Mogen Son of Molag,"A story of mistrust, murder, and magic",0
Words and Philosophy,50,,An interview with a Bosmer master swordsman about her life,1
Words of Clan Mother Ahnissi,14,Clan Mother Ahnissi,How a Khajiit explains the origin of the world,0
Words of the Wind,5,,A volume of verse collected from Ashlander wise women,0
Wraith's Wedding Dowry,10,"Voltha gra-Yamwort
(translated by Apthorne)",Story of how an Orc reclaims her wedding gift from thieves,0
Wyndelius's Journal,40,Wyndelius Gatharian,A journal documenting a treasure-hunter's descent into madness,0
Yellow Book of Riddles,3,,A series of riddles,0
Yngol and the Sea-Ghosts,5,,A tale of Ysgramor's first adventure in Tamriel,0
